"1",1,"681.469.9336","1","353.145.1968","3",21
"2",1,"681.469.9336","1","681.469.9722","1",20
"3",1,"681.469.9336","1","681.469.7527","1",19
"4",1,"681.469.9336","1","681.469.1081","1",18
"5",1,"681.469.9336","1","353.145.1968","3",20
"6",1,"681.469.9336","1","353.145.9029","3",20
"7",1,"681.469.9336","1","353.145.9242","3",1
"8",1,"681.469.5599","1","940.386.5860","2",20
"9",1,"681.469.5599","1","681.469.4840","1",15
"10",1,"681.469.5599","1","681.469.2926","1",17
"11",1,"681.469.5599","1","681.469.9336","1",23
"12",1,"681.469.5599","1","353.145.4761","3",26
"13",1,"681.469.5599","1","940.386.7033","2",1
"14",1,"681.469.7188","1","353.145.3797","3",30
"15",1,"681.469.7188","1","681.469.7087","1",14
"16",1,"681.469.7188","1","681.469.7087","1",1
"17",1,"681.469.7188","1","353.145.9242","3",25
"18",1,"681.469.7188","1","940.386.6876","2",18
"19",1,"681.469.3347","1","681.469.7527","1",18
"20",1,"681.469.3347","1","940.386.2494","2",28
"21",1,"681.469.3347","1","681.469.2663","1",22
"22",1,"681.469.3347","1","681.469.2555","1",19
"23",1,"681.469.3347","1","353.145.4761","3",1
"24",1,"681.469.3347","1","681.469.9951","1",16
"25",1,"681.469.3347","1","353.145.3797","3",25
"26",1,"681.469.4720","1","681.469.5704","1",16
"27",1,"681.469.4720","1","353.145.4761","3",1
"28",1,"681.469.5102","1","681.469.9336","1",31
"29",1,"681.469.5102","1","681.469.1081","1",16
"30",1,"681.469.5102","1","681.469.2555","1",29
"31",1,"681.469.6415","1","353.145.9029","3",19
"32",1,"681.469.6415","1","353.145.1303","3",1
"33",1,"681.469.6415","1","681.469.7160","1",25
"34",1,"681.469.6415","1","940.386.7033","2",1
"35",1,"681.469.6415","1","353.145.1669","3",18
"36",1,"681.469.6415","1","353.145.1669","3",27
"37",1,"681.469.2555","1","681.469.7576","1",22
"38",1,"681.469.2555","1","353.145.9453","3",20
"39",1,"681.469.3054","1","940.386.6876","2",21
"40",1,"681.469.3054","1","940.386.5914","2",27
"41",1,"681.469.3054","1","681.469.9951","1",23
"42",1,"681.469.4593","1","353.145.5686","3",1
"43",1,"681.469.4593","1","681.469.6415","1",25
"44",1,"681.469.4593","1","353.145.9066","3",26
"45",1,"681.469.4593","1","353.145.1968","3",27
"46",1,"681.469.4593","1","681.469.9951","1",34
"47",1,"681.469.4593","1","681.469.9378","1",31
"48",1,"681.469.4593","1","353.145.4644","3",25
"49",1,"681.469.4593","1","353.145.4644","3",32
"50",1,"681.469.2049","1","681.469.9951","1",22
"51",1,"681.469.2049","1","353.145.4761","3",31
"52",1,"681.469.2049","1","353.145.5686","3",1
"53",1,"681.469.2049","1","353.145.1968","3",23
"54",1,"681.469.2049","1","681.469.5599","1",21
"55",1,"681.469.2049","1","353.145.7916","3",1
"56",1,"681.469.2049","1","353.145.1968","3",22
"57",1,"681.469.7877","1","681.469.2049","1",26
"58",1,"681.469.7877","1","353.145.4761","3",18
"59",1,"681.469.7877","1","681.469.2926","1",18
"60",1,"681.469.7877","1","681.469.7576","1",36
"61",1,"681.469.7877","1","353.145.4761","3",33
"62",1,"681.469.7877","1","681.469.9336","1",34
"63",1,"681.469.7877","1","681.469.9722","1",1
"64",1,"681.469.7877","1","681.469.2926","1",26
"65",1,"681.469.7877","1","353.145.5686","3",1
"66",1,"681.469.7877","1","353.145.8175","3",1
"67",1,"681.469.7877","1","681.469.9951","1",1
"68",1,"681.469.1366","1","353.145.3797","3",24
"69",1,"681.469.1366","1","681.469.2926","1",1
"70",1,"681.469.1366","1","681.469.7087","1",22
"71",1,"681.469.2663","1","681.469.7188","1",1
"72",1,"681.469.2663","1","681.469.2926","1",23
"73",1,"681.469.2663","1","353.145.4306","3",32
"74",1,"681.469.2663","1","353.145.9242","3",1
"75",1,"681.469.2663","1","353.145.7916","3",23
"76",1,"681.469.2663","1","681.469.7576","1",26
"77",1,"681.469.1081","1","353.145.9029","3",26
"78",1,"681.469.1081","1","681.469.4840","1",1
"79",1,"681.469.1081","1","353.145.8454","3",28
"80",1,"681.469.1081","1","353.145.7916","3",1
"81",1,"681.469.1081","1","681.469.7188","1",1
"82",1,"681.469.7527","1","681.469.7087","1",23
"83",1,"681.469.7527","1","353.145.9242","3",23
"84",1,"681.469.7527","1","353.145.8454","3",44
"85",1,"681.469.1390","1","353.145.1968","3",35
"86",1,"681.469.1390","1","681.469.5012","1",1
"87",1,"681.469.1390","1","681.469.7576","1",1
"88",1,"681.469.1390","1","681.469.7576","1",22
"89",1,"681.469.1390","1","681.469.2555","1",1
"90",1,"681.469.1390","1","353.145.3797","3",38
"91",1,"681.469.1390","1","353.145.9242","3",22
"92",1,"681.469.5704","1","353.145.3797","3",33
"93",1,"681.469.5704","1","681.469.4840","1",24
"94",1,"681.469.5704","1","681.469.1081","1",31
"95",1,"681.469.5704","1","681.469.5012","1",1
"96",1,"681.469.5704","1","353.145.7916","3",1
"97",1,"681.469.5704","1","681.469.3347","1",28
"98",1,"681.469.5704","1","353.145.9453","3",16
"99",1,"681.469.5704","1","681.469.4720","1",19
"100",1,"681.469.9378","1","353.145.8454","3",37
"101",1,"681.469.9378","1","353.145.1303","3",21
"102",1,"681.469.9378","1","681.469.7576","1",30
"103",1,"681.469.9378","1","681.469.7087","1",21
"104",1,"681.469.9378","1","353.145.4306","3",34
"105",1,"681.469.9378","1","353.145.4644","3",24
"106",1,"681.469.2926","1","353.145.1303","3",23
"107",1,"681.469.2926","1","353.145.9242","3",14
"108",1,"681.469.2926","1","681.469.1081","1",33
"109",1,"681.469.2926","1","940.386.2494","2",22
"110",1,"681.469.2926","1","353.145.8454","3",26
"111",1,"681.469.2926","1","681.469.9951","1",27
"112",1,"681.469.2926","1","353.145.4761","3",16
"113",1,"681.469.9951","1","353.145.5686","3",1
"114",1,"681.469.9951","1","353.145.3797","3",13
"115",1,"681.469.9951","1","681.469.1366","1",26
"116",1,"681.469.9951","1","353.145.8175","3",28
"117",1,"681.469.9951","1","940.386.5914","2",1
"118",1,"681.469.5012","1","353.145.9242","3",33
"119",1,"681.469.5012","1","353.145.1968","3",21
"120",1,"681.469.5012","1","681.469.5704","1",1
"121",1,"681.469.5012","1","353.145.9029","3",21
"122",1,"681.469.5012","1","681.469.2049","1",23
"123",1,"681.469.3534","1","940.386.7033","2",28
"124",1,"681.469.3534","1","681.469.7527","1",26
"125",1,"681.469.3534","1","681.469.7087","1",19
"126",1,"681.469.3534","1","681.469.5012","1",31
"127",1,"681.469.3534","1","353.145.8454","3",29
"128",1,"681.469.9722","1","353.145.4306","3",26
"129",1,"681.469.9722","1","681.469.1081","1",1
"130",1,"681.469.9722","1","353.145.2037","3",21
"131",1,"681.469.9722","1","681.469.1390","1",1
"132",1,"681.469.7087","1","353.145.5686","3",25
"133",1,"681.469.7087","1","353.145.4761","3",31
"134",1,"681.469.7087","1","681.469.1081","1",23
"135",1,"681.469.7087","1","681.469.9951","1",29
"136",1,"681.469.7087","1","681.469.5704","1",16
"137",1,"681.469.7087","1","681.469.2049","1",33
"138",1,"681.469.8025","1","353.145.9029","3",17
"139",1,"681.469.8025","1","940.386.4189","2",22
"140",1,"681.469.8025","1","681.469.9722","1",1
"141",1,"681.469.7576","1","353.145.9242","3",28
"142",1,"681.469.7576","1","353.145.1968","3",27
"143",1,"681.469.7576","1","940.386.7868","2",21
"144",1,"681.469.7576","1","353.145.1669","3",21
"145",1,"681.469.7576","1","681.469.6415","1",13
"146",1,"681.469.7576","1","681.469.3347","1",22
"147",1,"681.469.7576","1","353.145.1669","3",1
"148",1,"681.469.7576","1","940.386.5860","2",1
"149",1,"681.469.7576","1","681.469.9336","1",20
"150",1,"681.469.7576","1","681.469.2049","1",26
"151",1,"681.469.1408","1","681.469.5704","1",20
"152",1,"681.469.1408","1","353.145.8406","3",26
"153",1,"681.469.1408","1","940.386.4189","2",18
"154",1,"681.469.1408","1","681.469.1081","1",1
"155",1,"681.469.1408","1","353.145.8454","3",1
"156",1,"681.469.1408","1","353.145.1968","3",31
"157",1,"681.469.1408","1","681.469.3347","1",20
"158",1,"681.469.1408","1","681.469.7576","1",19
"159",1,"681.469.1408","1","940.386.5914","2",26
"160",1,"681.469.1408","1","681.469.7576","1",20
"161",1,"681.469.7160","1","681.469.9378","1",21
"162",1,"681.469.7160","1","940.386.1402","2",36
"163",1,"681.469.7160","1","353.145.1968","3",26
"164",1,"681.469.7160","1","353.145.8175","3",28
"165",1,"681.469.7160","1","353.145.8454","3",20
"166",1,"681.469.7160","1","353.145.9029","3",27
"167",1,"940.386.7033","2","940.386.1402","2",21
"168",1,"940.386.7033","2","353.145.4761","3",18
"169",1,"940.386.7033","2","353.145.8406","3",32
"170",1,"940.386.7033","2","353.145.1968","3",1
"171",1,"940.386.7033","2","681.469.9336","1",36
"172",1,"940.386.7033","2","681.469.5012","1",22
"173",1,"940.386.7033","2","353.145.4644","3",28
"174",1,"940.386.7033","2","681.469.4840","1",20
"175",1,"940.386.7033","2","353.145.4761","3",21
"176",1,"940.386.7033","2","353.145.9029","3",25
"177",1,"940.386.5914","2","940.386.2494","2",23
"178",1,"940.386.5914","2","681.469.3534","1",1
"179",1,"940.386.5914","2","681.469.2049","1",27
"180",1,"940.386.5914","2","681.469.7087","1",25
"181",1,"940.386.7868","2","681.469.8025","1",28
"182",1,"940.386.7868","2","353.145.4644","3",27
"183",1,"940.386.7868","2","681.469.9722","1",26
"184",1,"940.386.1085","2","353.145.4761","3",13
"185",1,"940.386.1085","2","940.386.7868","2",31
"186",1,"940.386.1085","2","353.145.1669","3",22
"187",1,"940.386.1085","2","940.386.4189","2",1
"188",1,"940.386.1085","2","353.145.1968","3",1
"189",1,"940.386.1085","2","940.386.7033","2",1
"190",1,"940.386.1085","2","353.145.4761","3",17
"191",1,"940.386.1085","2","681.469.6415","1",29
"192",1,"940.386.1085","2","681.469.9722","1",16
"193",1,"940.386.1085","2","681.469.7576","1",31
"194",1,"940.386.1085","2","353.145.1968","3",31
"195",1,"940.386.1085","2","681.469.7576","1",1
"196",1,"940.386.2494","2","681.469.7527","1",23
"197",1,"940.386.2494","2","940.386.6876","2",30
"198",1,"940.386.2494","2","681.469.3347","1",1
"199",1,"940.386.2494","2","940.386.5860","2",27
"200",1,"940.386.2494","2","940.386.4189","2",1
"201",1,"940.386.2494","2","940.386.7033","2",25
"202",1,"940.386.2494","2","353.145.9453","3",21
"203",1,"940.386.6607","2","353.145.4644","3",1
"204",1,"940.386.6607","2","353.145.7916","3",17
"205",1,"940.386.6607","2","681.469.7188","1",1
"206",1,"940.386.6607","2","681.469.7576","1",18
"207",1,"940.386.6607","2","353.145.7916","3",19
"208",1,"940.386.6876","2","681.469.9722","1",1
"209",1,"940.386.6876","2","940.386.2494","2",1
"210",1,"940.386.6876","2","353.145.7916","3",23
"211",1,"940.386.6876","2","353.145.8454","3",22
"212",1,"940.386.6876","2","681.469.2926","1",18
"213",1,"940.386.4189","2","353.145.3797","3",24
"214",1,"940.386.4189","2","353.145.8175","3",1
"215",1,"940.386.4189","2","353.145.9453","3",20
"216",1,"940.386.4189","2","940.386.2494","2",21
"217",1,"940.386.4189","2","353.145.3797","3",21
"218",1,"940.386.4189","2","353.145.4644","3",1
"219",1,"940.386.4189","2","353.145.2037","3",1
"220",1,"940.386.1402","2","353.145.1968","3",29
"221",1,"940.386.1402","2","940.386.5914","2",36
"222",1,"940.386.1402","2","353.145.9453","3",28
"223",1,"940.386.1402","2","681.469.3347","1",37
"224",1,"940.386.1402","2","940.386.7033","2",1
"225",1,"940.386.1402","2","353.145.1669","3",24
"226",1,"940.386.5860","2","353.145.4761","3",31
"227",1,"940.386.5860","2","940.386.6876","2",21
"228",1,"940.386.5860","2","353.145.9453","3",32
"229",1,"940.386.5860","2","681.469.2926","1",1
"230",1,"940.386.5860","2","353.145.9029","3",1
"231",1,"940.386.5860","2","681.469.2926","1",11
"232",1,"353.145.5686","3","681.469.5704","1",21
"233",1,"353.145.5686","3","681.469.9951","1",24
"234",1,"353.145.5686","3","681.469.3347","1",1
"235",1,"353.145.5686","3","681.469.7160","1",20
"236",1,"353.145.4761","3","940.386.5860","2",32
"237",1,"353.145.4761","3","353.145.7916","3",28
"238",1,"353.145.4761","3","353.145.9453","3",13
"239",1,"353.145.9453","3","353.145.2037","3",29
"240",1,"353.145.9453","3","940.386.5914","2",35
"241",1,"353.145.9453","3","681.469.7527","1",28
"242",1,"353.145.9453","3","353.145.9029","3",31
"243",1,"353.145.9453","3","353.145.4306","3",16
"244",1,"353.145.9453","3","681.469.9951","1",1
"245",1,"353.145.9453","3","681.469.3347","1",1
"246",1,"353.145.6110","3","681.469.2049","1",21
"247",1,"353.145.6110","3","940.386.4189","2",23
"248",1,"353.145.6110","3","353.145.2037","3",25
"249",1,"353.145.6110","3","681.469.7527","1",32
"250",1,"353.145.6110","3","681.469.7188","1",18
"251",1,"353.145.6110","3","681.469.7527","1",1
"252",1,"353.145.8406","3","353.145.8454","3",23
"253",1,"353.145.8406","3","681.469.7527","1",18
"254",1,"353.145.8406","3","353.145.1669","3",26
"255",1,"353.145.8406","3","353.145.9242","3",1
"256",1,"353.145.9474","3","353.145.9242","3",37
"257",1,"353.145.9474","3","681.469.5012","1",31
"258",1,"353.145.9474","3","681.469.7576","1",21
"259",1,"353.145.9474","3","940.386.1402","2",25
"260",1,"353.145.9474","3","940.386.1402","2",35
"261",1,"353.145.9474","3","353.145.9453","3",1
"262",1,"353.145.9242","3","681.469.7188","1",36
"263",1,"353.145.9242","3","681.469.9722","1",36
"264",1,"353.145.9242","3","681.469.7188","1",31
"265",1,"353.145.9242","3","353.145.4306","3",16
"266",1,"353.145.1303","3","940.386.5914","2",1
"267",1,"353.145.1303","3","353.145.4306","3",26
"268",1,"353.145.1303","3","681.469.7527","1",28
"269",1,"353.145.1303","3","353.145.1669","3",12
"270",1,"353.145.1303","3","681.469.9951","1",21
"271",1,"353.145.1303","3","681.469.5102","1",26
"272",1,"353.145.1303","3","940.386.6876","2",25
"273",1,"353.145.1303","3","681.469.1390","1",33
"274",1,"353.145.3797","3","681.469.2049","1",18
"275",1,"353.145.3797","3","681.469.4840","1",29
"276",1,"353.145.3797","3","681.469.7576","1",25
"277",1,"353.145.3797","3","940.386.7868","2",18
"278",1,"353.145.3797","3","681.469.4720","1",1
"279",1,"353.145.3797","3","940.386.5914","2",22
"280",1,"353.145.3797","3","353.145.2037","3",1
"281",1,"353.145.3797","3","681.469.7576","1",19
"282",1,"353.145.3797","3","681.469.6415","1",26
"283",1,"353.145.3797","3","940.386.7868","2",31
"284",1,"353.145.3797","3","940.386.1402","2",24
"285",1,"353.145.1968","3","681.469.7527","1",20
"286",1,"353.145.1968","3","681.469.9722","1",1
"287",1,"353.145.1968","3","681.469.7188","1",1
"288",1,"353.145.1669","3","940.386.1085","2",20
"289",1,"353.145.1669","3","353.145.8175","3",21
"290",1,"353.145.1669","3","940.386.6876","2",27
"291",1,"353.145.1669","3","681.469.2555","1",1
"292",1,"353.145.8454","3","681.469.2926","1",29
"293",1,"353.145.8454","3","353.145.5686","3",24
"294",1,"353.145.8454","3","353.145.4306","3",46
"295",1,"353.145.8454","3","353.145.1968","3",23
"296",1,"353.145.8454","3","681.469.7087","1",1
"297",1,"353.145.8454","3","681.469.7160","1",1
"298",1,"353.145.8454","3","681.469.5102","1",1
"299",1,"353.145.8454","3","353.145.9029","3",29
"300",1,"353.145.8454","3","940.386.7033","2",17
"301",1,"353.145.4306","3","940.386.7868","2",13
"302",1,"353.145.4306","3","353.145.1968","3",1
"303",1,"353.145.4306","3","681.469.2926","1",19
"304",1,"353.145.4306","3","681.469.9722","1",18
"305",1,"353.145.4306","3","681.469.5102","1",22
"306",1,"353.145.4306","3","353.145.7916","3",24
"307",1,"353.145.2037","3","681.469.2926","1",25
"308",1,"353.145.2037","3","353.145.4306","3",21
"309",1,"353.145.2037","3","353.145.1669","3",1
"310",1,"353.145.2037","3","353.145.4644","3",35
"311",1,"353.145.2037","3","681.469.5102","1",24
"312",1,"353.145.2037","3","353.145.4644","3",1
"313",1,"353.145.8175","3","681.469.2926","1",1
"314",1,"353.145.8175","3","681.469.2555","1",27
"315",1,"353.145.8175","3","940.386.5914","2",26
"316",1,"353.145.8175","3","940.386.5860","2",1
"317",1,"353.145.8175","3","353.145.8454","3",23
"318",1,"353.145.8175","3","353.145.8454","3",1
"319",1,"353.145.9029","3","681.469.5102","1",33
"320",1,"353.145.4644","3","353.145.9453","3",1
"321",1,"353.145.4644","3","353.145.8454","3",17
"322",1,"353.145.4644","3","353.145.4761","3",22
"323",1,"353.145.4644","3","353.145.9453","3",1
"324",1,"353.145.7916","3","353.145.5686","3",1
"325",1,"353.145.7916","3","353.145.1968","3",24
"326",1,"353.145.7916","3","353.145.1669","3",34
"327",1,"353.145.9066","3","681.469.7087","1",1
"328",1,"353.145.9066","3","681.469.9336","1",23
"329",1,"353.145.9066","3","353.145.1968","3",22
"330",1,"353.145.9066","3","353.145.1669","3",42
"331",1,"353.145.9066","3","940.386.6876","2",19
"332",1,"353.145.9066","3","353.145.8175","3",25
"333",1,"353.145.9066","3","681.469.5704","1",24
"334",1,"353.145.9066","3","940.386.7033","2",17
"335",1,"353.145.9066","3","681.469.2926","1",29
"336",1,"353.145.9066","3","681.469.5012","1",25
"337",1,"353.145.4769","3","681.469.9951","1",23
"338",1,"353.145.4769","3","353.145.1968","3",17
"339",1,"353.145.4769","3","353.145.4644","3",24
"340",1,"353.145.4769","3","940.386.1402","2",16
"341",1,"353.145.4769","3","681.469.2926","1",39
"342",1,"353.145.4769","3","940.386.7868","2",13
"343",1,"353.145.4769","3","681.469.2049","1",33
"344",1,"353.145.4769","3","681.469.1081","1",34
"345",1,"353.145.4769","3","940.386.5914","2",1
"346",1,"353.145.4769","3","681.469.5102","1",26
"347",1,"353.145.4769","3","681.469.4840","1",1
"348",2,"681.469.9336","1","353.145.9029","3",19
"349",2,"681.469.9336","1","681.469.2049","1",1
"350",2,"681.469.9336","1","940.386.7868","2",25
"351",2,"681.469.9336","1","940.386.2494","2",1
"352",2,"681.469.5599","1","940.386.4189","2",32
"353",2,"681.469.5599","1","353.145.7916","3",24
"354",2,"681.469.5599","1","681.469.5102","1",19
"355",2,"681.469.5599","1","940.386.7868","2",19
"356",2,"681.469.7188","1","681.469.7576","1",30
"357",2,"681.469.7188","1","353.145.8454","3",31
"358",2,"681.469.7188","1","353.145.9453","3",27
"359",2,"681.469.7188","1","940.386.7868","2",1
"360",2,"681.469.7188","1","681.469.9951","1",27
"361",2,"681.469.7188","1","353.145.8454","3",1
"362",2,"681.469.7188","1","353.145.4761","3",12
"363",2,"681.469.7188","1","681.469.1390","1",24
"364",2,"681.469.7188","1","353.145.4761","3",1
"365",2,"681.469.3347","1","681.469.9722","1",12
"366",2,"681.469.3347","1","681.469.9336","1",37
"367",2,"681.469.3347","1","681.469.1081","1",17
"368",2,"681.469.3347","1","681.469.5102","1",29
"369",2,"681.469.3347","1","353.145.1968","3",28
"370",2,"681.469.3347","1","681.469.9722","1",26
"371",2,"681.469.3347","1","353.145.1968","3",1
"372",2,"681.469.4720","1","353.145.4761","3",26
"373",2,"681.469.4720","1","681.469.7576","1",28
"374",2,"681.469.4720","1","353.145.5686","3",30
"375",2,"681.469.4720","1","353.145.9453","3",1
"376",2,"681.469.4720","1","940.386.7033","2",21
"377",2,"681.469.4720","1","940.386.5860","2",29
"378",2,"681.469.4720","1","940.386.1402","2",25
"379",2,"681.469.5102","1","940.386.1402","2",17
"380",2,"681.469.5102","1","681.469.9378","1",28
"381",2,"681.469.5102","1","681.469.2926","1",33
"382",2,"681.469.5102","1","681.469.5704","1",24
"383",2,"681.469.6415","1","353.145.9029","3",21
"384",2,"681.469.6415","1","681.469.7527","1",19
"385",2,"681.469.6415","1","940.386.2494","2",19
"386",2,"681.469.6415","1","353.145.1669","3",28
"387",2,"681.469.6415","1","940.386.4189","2",1
"388",2,"681.469.6415","1","681.469.3347","1",32
"389",2,"681.469.2555","1","681.469.3347","1",1
"390",2,"681.469.2555","1","681.469.9378","1",19
"391",2,"681.469.2555","1","681.469.7576","1",27
"392",2,"681.469.3054","1","353.145.7916","3",1
"393",2,"681.469.3054","1","940.386.1402","2",26
"394",2,"681.469.3054","1","940.386.7868","2",1
"395",2,"681.469.3054","1","681.469.8025","1",23
"396",2,"681.469.3054","1","681.469.2049","1",20
"397",2,"681.469.4593","1","353.145.9029","3",26
"398",2,"681.469.4593","1","681.469.7527","1",1
"399",2,"681.469.4593","1","353.145.4769","3",1
"400",2,"681.469.4593","1","353.145.8406","3",1
"401",2,"681.469.4593","1","353.145.9474","3",24
"402",2,"681.469.4593","1","353.145.9029","3",33
"403",2,"681.469.4593","1","940.386.5914","2",28
"404",2,"681.469.2049","1","353.145.8175","3",18
"405",2,"681.469.2049","1","681.469.7188","1",28
"406",2,"681.469.7877","1","353.145.5686","3",19
"407",2,"681.469.7877","1","681.469.9336","1",21
"408",2,"681.469.7877","1","681.469.9951","1",22
"409",2,"681.469.7877","1","353.145.9453","3",17
"410",2,"681.469.7877","1","681.469.6415","1",21
"411",2,"681.469.7877","1","681.469.1081","1",37
"412",2,"681.469.7877","1","681.469.9951","1",27
"413",2,"681.469.7877","1","353.145.7916","3",18
"414",2,"681.469.7877","1","353.145.5686","3",22
"415",2,"681.469.1366","1","940.386.2494","2",23
"416",2,"681.469.1366","1","940.386.7868","2",34
"417",2,"681.469.1366","1","940.386.1402","2",1
"418",2,"681.469.1366","1","681.469.1081","1",29
"419",2,"681.469.1366","1","681.469.9336","1",25
"420",2,"681.469.2663","1","681.469.1081","1",1
"421",2,"681.469.2663","1","353.145.8175","3",22
"422",2,"681.469.2663","1","353.145.9029","3",21
"423",2,"681.469.2663","1","681.469.7188","1",27
"424",2,"681.469.2663","1","681.469.9722","1",1
"425",2,"681.469.2663","1","353.145.1669","3",26
"426",2,"681.469.2663","1","681.469.5012","1",16
"427",2,"681.469.2663","1","353.145.1669","3",21
"428",2,"681.469.2663","1","681.469.6415","1",27
"429",2,"681.469.2663","1","353.145.1968","3",26
"430",2,"681.469.2663","1","681.469.2555","1",1
"431",2,"681.469.4840","1","353.145.8454","3",23
"432",2,"681.469.4840","1","353.145.9029","3",31
"433",2,"681.469.4840","1","681.469.9336","1",25
"434",2,"681.469.4840","1","353.145.7916","3",26
"435",2,"681.469.4840","1","353.145.7916","3",11
"436",2,"681.469.4840","1","353.145.4761","3",27
"437",2,"681.469.4840","1","353.145.7916","3",1
"438",2,"681.469.4840","1","353.145.1968","3",20
"439",2,"681.469.4840","1","940.386.2494","2",23
"440",2,"681.469.4840","1","353.145.4306","3",1
"441",2,"681.469.1081","1","681.469.4593","1",18
"442",2,"681.469.1081","1","353.145.4761","3",33
"443",2,"681.469.1081","1","681.469.7188","1",1
"444",2,"681.469.1081","1","353.145.7916","3",17
"445",2,"681.469.1081","1","940.386.7868","2",19
"446",2,"681.469.1081","1","353.145.1968","3",25
"447",2,"681.469.7527","1","681.469.6415","1",25
"448",2,"681.469.7527","1","940.386.7868","2",21
"449",2,"681.469.7527","1","681.469.2663","1",18
"450",2,"681.469.7527","1","940.386.5914","2",32
"451",2,"681.469.1390","1","353.145.4306","3",24
"452",2,"681.469.1390","1","681.469.9336","1",1
"453",2,"681.469.5704","1","681.469.7188","1",27
"454",2,"681.469.5704","1","681.469.7576","1",29
"455",2,"681.469.5704","1","940.386.7033","2",1
"456",2,"681.469.5704","1","681.469.4720","1",22
"457",2,"681.469.5704","1","940.386.6876","2",1
"458",2,"681.469.5704","1","353.145.8454","3",25
"459",2,"681.469.9378","1","353.145.9453","3",22
"460",2,"681.469.9378","1","940.386.5914","2",1
"461",2,"681.469.9378","1","353.145.3797","3",1
"462",2,"681.469.9378","1","353.145.1669","3",1
"463",2,"681.469.9378","1","681.469.5102","1",37
"464",2,"681.469.9378","1","353.145.1669","3",25
"465",2,"681.469.9378","1","940.386.4189","2",26
"466",2,"681.469.9378","1","353.145.1669","3",31
"467",2,"681.469.2926","1","681.469.6415","1",28
"468",2,"681.469.2926","1","681.469.1366","1",26
"469",2,"681.469.2926","1","681.469.9336","1",31
"470",2,"681.469.2926","1","353.145.2037","3",20
"471",2,"681.469.2926","1","353.145.5686","3",19
"472",2,"681.469.9951","1","681.469.5102","1",21
"473",2,"681.469.9951","1","940.386.4189","2",26
"474",2,"681.469.9951","1","353.145.1968","3",35
"475",2,"681.469.9951","1","940.386.5914","2",22
"476",2,"681.469.9951","1","940.386.7033","2",26
"477",2,"681.469.9951","1","940.386.1085","2",20
"478",2,"681.469.5012","1","681.469.3347","1",31
"479",2,"681.469.5012","1","681.469.9951","1",26
"480",2,"681.469.5012","1","353.145.3797","3",1
"481",2,"681.469.3534","1","353.145.7916","3",21
"482",2,"681.469.3534","1","353.145.8454","3",1
"483",2,"681.469.3534","1","681.469.5599","1",1
"484",2,"681.469.3534","1","681.469.7188","1",1
"485",2,"681.469.9722","1","353.145.1968","3",1
"486",2,"681.469.9722","1","681.469.4720","1",24
"487",2,"681.469.9722","1","353.145.9029","3",1
"488",2,"681.469.9722","1","353.145.4761","3",22
"489",2,"681.469.9722","1","681.469.9951","1",27
"490",2,"681.469.9722","1","940.386.5914","2",19
"491",2,"681.469.7087","1","940.386.5914","2",21
"492",2,"681.469.7087","1","940.386.7868","2",25
"493",2,"681.469.7087","1","681.469.4840","1",1
"494",2,"681.469.7087","1","353.145.7916","3",1
"495",2,"681.469.7087","1","940.386.6607","2",17
"496",2,"681.469.7087","1","353.145.4306","3",1
"497",2,"681.469.7087","1","940.386.5860","2",16
"498",2,"681.469.8025","1","353.145.9242","3",26
"499",2,"681.469.8025","1","681.469.9951","1",31
"500",2,"681.469.8025","1","353.145.9474","3",15
"501",2,"681.469.8025","1","681.469.9951","1",19
"502",2,"681.469.8025","1","353.145.8454","3",24
"503",2,"681.469.7576","1","681.469.5012","1",20
"504",2,"681.469.7576","1","681.469.9722","1",1
"505",2,"681.469.7576","1","681.469.9951","1",15
"506",2,"681.469.7576","1","353.145.8454","3",12
"507",2,"681.469.7576","1","681.469.7188","1",21
"508",2,"681.469.7576","1","353.145.1968","3",32
"509",2,"681.469.1408","1","681.469.1390","1",13
"510",2,"681.469.1408","1","681.469.1081","1",21
"511",2,"681.469.1408","1","681.469.7576","1",22
"512",2,"681.469.7160","1","681.469.9722","1",27
"513",2,"681.469.7160","1","353.145.9453","3",17
"514",2,"681.469.7160","1","681.469.5012","1",17
"515",2,"681.469.7160","1","681.469.1081","1",1
"516",2,"681.469.7160","1","681.469.2555","1",31
"517",2,"940.386.7033","2","353.145.2037","3",1
"518",2,"940.386.7033","2","681.469.5102","1",1
"519",2,"940.386.7033","2","353.145.9029","3",21
"520",2,"940.386.7033","2","353.145.9242","3",1
"521",2,"940.386.7033","2","681.469.7087","1",22
"522",2,"940.386.7033","2","353.145.1669","3",20
"523",2,"940.386.7033","2","681.469.9722","1",27
"524",2,"940.386.7033","2","940.386.7868","2",18
"525",2,"940.386.5914","2","681.469.7188","1",1
"526",2,"940.386.5914","2","940.386.2494","2",26
"527",2,"940.386.5914","2","681.469.3054","1",24
"528",2,"940.386.5914","2","681.469.9951","1",29
"529",2,"940.386.5914","2","940.386.7868","2",28
"530",2,"940.386.7868","2","353.145.9474","3",23
"531",2,"940.386.7868","2","353.145.2037","3",25
"532",2,"940.386.7868","2","681.469.1081","1",27
"533",2,"940.386.7868","2","353.145.9453","3",23
"534",2,"940.386.1085","2","353.145.9029","3",34
"535",2,"940.386.1085","2","681.469.1390","1",27
"536",2,"940.386.1085","2","353.145.9453","3",22
"537",2,"940.386.1085","2","681.469.9336","1",16
"538",2,"940.386.2494","2","681.469.1081","1",17
"539",2,"940.386.2494","2","681.469.9722","1",1
"540",2,"940.386.2494","2","681.469.7527","1",22
"541",2,"940.386.2494","2","353.145.4769","3",1
"542",2,"940.386.6607","2","940.386.7033","2",25
"543",2,"940.386.6607","2","940.386.1402","2",29
"544",2,"940.386.6607","2","353.145.1669","3",1
"545",2,"940.386.6607","2","353.145.1968","3",14
"546",2,"940.386.6607","2","353.145.9029","3",26
"547",2,"940.386.6607","2","681.469.9378","1",1
"548",2,"940.386.6607","2","681.469.1366","1",32
"549",2,"940.386.6607","2","353.145.9242","3",1
"550",2,"940.386.6607","2","940.386.5860","2",29
"551",2,"940.386.6876","2","353.145.9029","3",1
"552",2,"940.386.6876","2","681.469.5102","1",19
"553",2,"940.386.6876","2","681.469.9722","1",42
"554",2,"940.386.6876","2","681.469.9722","1",1
"555",2,"940.386.6876","2","353.145.9029","3",24
"556",2,"940.386.6876","2","353.145.8454","3",25
"557",2,"940.386.6876","2","353.145.9474","3",23
"558",2,"940.386.4189","2","353.145.4306","3",20
"559",2,"940.386.4189","2","681.469.2049","1",16
"560",2,"940.386.4189","2","681.469.5012","1",26
"561",2,"940.386.4189","2","940.386.7033","2",1
"562",2,"940.386.4189","2","940.386.5860","2",14
"563",2,"940.386.4189","2","681.469.3054","1",36
"564",2,"940.386.1402","2","681.469.9722","1",26
"565",2,"940.386.1402","2","940.386.6876","2",23
"566",2,"940.386.1402","2","681.469.5102","1",21
"567",2,"940.386.1402","2","681.469.2049","1",33
"568",2,"940.386.1402","2","681.469.9951","1",18
"569",2,"940.386.1402","2","940.386.7868","2",27
"570",2,"940.386.1402","2","353.145.4761","3",31
"571",2,"940.386.5860","2","940.386.2494","2",1
"572",2,"940.386.5860","2","940.386.4189","2",1
"573",2,"940.386.5860","2","353.145.1968","3",26
"574",2,"940.386.5860","2","681.469.7188","1",1
"575",2,"940.386.5860","2","681.469.7160","1",27
"576",2,"940.386.5860","2","353.145.4761","3",1
"577",2,"940.386.5860","2","940.386.5914","2",26
"578",2,"940.386.5860","2","681.469.9722","1",1
"579",2,"940.386.5860","2","353.145.9453","3",19
"580",2,"353.145.5686","3","940.386.7033","2",1
"581",2,"353.145.5686","3","681.469.9336","1",33
"582",2,"353.145.5686","3","681.469.2049","1",25
"583",2,"353.145.5686","3","681.469.7188","1",44
"584",2,"353.145.5686","3","353.145.1303","3",26
"585",2,"353.145.5686","3","681.469.9951","1",1
"586",2,"353.145.5686","3","353.145.2037","3",27
"587",2,"353.145.4761","3","353.145.4306","3",21
"588",2,"353.145.4761","3","940.386.6876","2",24
"589",2,"353.145.4761","3","940.386.5914","2",29
"590",2,"353.145.4761","3","940.386.4189","2",30
"591",2,"353.145.4761","3","681.469.2555","1",24
"592",2,"353.145.9453","3","353.145.4306","3",24
"593",2,"353.145.9453","3","681.469.2926","1",16
"594",2,"353.145.9453","3","940.386.4189","2",17
"595",2,"353.145.9453","3","681.469.9722","1",23
"596",2,"353.145.9453","3","681.469.5012","1",25
"597",2,"353.145.9453","3","940.386.7033","2",21
"598",2,"353.145.9453","3","353.145.3797","3",16
"599",2,"353.145.9453","3","681.469.5704","1",37
"600",2,"353.145.9453","3","353.145.1669","3",22
"601",2,"353.145.6110","3","681.469.1081","1",1
"602",2,"353.145.6110","3","353.145.1968","3",24
"603",2,"353.145.6110","3","353.145.5686","3",1
"604",2,"353.145.8406","3","353.145.3797","3",1
"605",2,"353.145.8406","3","353.145.9029","3",1
"606",2,"353.145.8406","3","681.469.4840","1",26
"607",2,"353.145.8406","3","681.469.9336","1",28
"608",2,"353.145.8406","3","353.145.1968","3",31
"609",2,"353.145.8406","3","353.145.4306","3",1
"610",2,"353.145.8406","3","940.386.7033","2",1
"611",2,"353.145.8406","3","681.469.5102","1",16
"612",2,"353.145.9474","3","681.469.7160","1",26
"613",2,"353.145.9474","3","681.469.9336","1",25
"614",2,"353.145.9474","3","681.469.7527","1",23
"615",2,"353.145.9474","3","681.469.2926","1",25
"616",2,"353.145.9474","3","681.469.5012","1",1
"617",2,"353.145.9474","3","353.145.4306","3",26
"618",2,"353.145.9474","3","681.469.2049","1",29
"619",2,"353.145.9474","3","681.469.2663","1",1
"620",2,"353.145.9242","3","681.469.9951","1",20
"621",2,"353.145.9242","3","353.145.1669","3",21
"622",2,"353.145.9242","3","681.469.1081","1",34
"623",2,"353.145.9242","3","681.469.7527","1",25
"624",2,"353.145.9242","3","940.386.7033","2",24
"625",2,"353.145.9242","3","681.469.7576","1",26
"626",2,"353.145.1303","3","940.386.5914","2",19
"627",2,"353.145.1303","3","681.469.1081","1",1
"628",2,"353.145.1303","3","353.145.8406","3",18
"629",2,"353.145.1303","3","940.386.5914","2",23
"630",2,"353.145.1303","3","353.145.2037","3",28
"631",2,"353.145.3797","3","681.469.2049","1",27
"632",2,"353.145.3797","3","940.386.7868","2",12
"633",2,"353.145.3797","3","353.145.1669","3",22
"634",2,"353.145.3797","3","681.469.3347","1",19
"635",2,"353.145.3797","3","681.469.9336","1",20
"636",2,"353.145.3797","3","353.145.2037","3",29
"637",2,"353.145.1968","3","681.469.7527","1",31
"638",2,"353.145.1968","3","681.469.1390","1",17
"639",2,"353.145.1968","3","681.469.1081","1",18
"640",2,"353.145.1968","3","353.145.9029","3",18
"641",2,"353.145.1968","3","681.469.4720","1",1
"642",2,"353.145.1669","3","681.469.2555","1",1
"643",2,"353.145.1669","3","681.469.2926","1",1
"644",2,"353.145.1669","3","681.469.5012","1",1
"645",2,"353.145.1669","3","681.469.5102","1",1
"646",2,"353.145.1669","3","681.469.9722","1",18
"647",2,"353.145.1669","3","681.469.7527","1",24
"648",2,"353.145.1669","3","681.469.1366","1",26
"649",2,"353.145.1669","3","681.469.3347","1",23
"650",2,"353.145.1669","3","681.469.1366","1",28
"651",2,"353.145.1669","3","353.145.4761","3",30
"652",2,"353.145.1669","3","681.469.1081","1",25
"653",2,"353.145.1669","3","940.386.7868","2",32
"654",2,"353.145.8454","3","940.386.5914","2",32
"655",2,"353.145.8454","3","681.469.9378","1",36
"656",2,"353.145.8454","3","681.469.4720","1",34
"657",2,"353.145.8454","3","940.386.5914","2",22
"658",2,"353.145.8454","3","940.386.1402","2",29
"659",2,"353.145.8454","3","940.386.7868","2",24
"660",2,"353.145.8454","3","681.469.7087","1",1
"661",2,"353.145.8454","3","353.145.1968","3",1
"662",2,"353.145.8454","3","353.145.5686","3",32
"663",2,"353.145.8454","3","681.469.7576","1",14
"664",2,"353.145.4306","3","940.386.2494","2",24
"665",2,"353.145.4306","3","940.386.7868","2",26
"666",2,"353.145.4306","3","681.469.9951","1",26
"667",2,"353.145.4306","3","940.386.7868","2",1
"668",2,"353.145.4306","3","681.469.7188","1",17
"669",2,"353.145.2037","3","681.469.9722","1",23
"670",2,"353.145.2037","3","681.469.1366","1",23
"671",2,"353.145.2037","3","681.469.7160","1",1
"672",2,"353.145.2037","3","681.469.9951","1",22
"673",2,"353.145.2037","3","681.469.9336","1",18
"674",2,"353.145.2037","3","940.386.6876","2",15
"675",2,"353.145.2037","3","940.386.5860","2",27
"676",2,"353.145.2037","3","940.386.1402","2",21
"677",2,"353.145.8175","3","353.145.4644","3",15
"678",2,"353.145.8175","3","353.145.1968","3",25
"679",2,"353.145.8175","3","681.469.6415","1",1
"680",2,"353.145.8175","3","353.145.9474","3",1
"681",2,"353.145.8175","3","940.386.2494","2",1
"682",2,"353.145.8175","3","681.469.7576","1",22
"683",2,"353.145.8175","3","681.469.2926","1",1
"684",2,"353.145.9029","3","681.469.5012","1",26
"685",2,"353.145.9029","3","940.386.5914","2",27
"686",2,"353.145.9029","3","353.145.4306","3",1
"687",2,"353.145.9029","3","681.469.1366","1",14
"688",2,"353.145.4644","3","681.469.7087","1",27
"689",2,"353.145.4644","3","353.145.9029","3",24
"690",2,"353.145.4644","3","353.145.4306","3",1
"691",2,"353.145.4644","3","353.145.1669","3",30
"692",2,"353.145.4644","3","940.386.6876","2",12
"693",2,"353.145.7916","3","681.469.2926","1",26
"694",2,"353.145.7916","3","940.386.1402","2",23
"695",2,"353.145.7916","3","353.145.9453","3",21
"696",2,"353.145.7916","3","681.469.2926","1",19
"697",2,"353.145.7916","3","681.469.2926","1",30
"698",2,"353.145.7916","3","681.469.1408","1",27
"699",2,"353.145.9066","3","681.469.5704","1",30
"700",2,"353.145.9066","3","353.145.4644","3",25
"701",2,"353.145.9066","3","681.469.9722","1",16
"702",2,"353.145.9066","3","681.469.5102","1",21
"703",2,"353.145.9066","3","681.469.1390","1",28
"704",2,"353.145.9066","3","353.145.5686","3",26
"705",2,"353.145.9066","3","681.469.5102","1",32
"706",2,"353.145.9066","3","681.469.3347","1",1
"707",2,"353.145.9066","3","940.386.5860","2",25
"708",2,"353.145.9066","3","681.469.1081","1",1
"709",2,"353.145.9066","3","940.386.7033","2",27
"710",2,"353.145.4769","3","353.145.2037","3",1
"711",2,"353.145.4769","3","681.469.2555","1",1
"712",2,"353.145.4769","3","681.469.7527","1",1
"713",2,"353.145.4769","3","353.145.7916","3",33
"714",2,"353.145.4769","3","940.386.7033","2",19
"715",2,"353.145.4769","3","353.145.7916","3",23
"716",2,"353.145.4769","3","681.469.4593","1",1
